image_path,class
C:/Users/USER/Desktop/каталог_датасет_кузовов\класс1_Камаз_6522-53\snapshot-202504051233519.jpg,класс1_Камаз_6522-53
C:/Users/USER/Desktop/каталог_датасет_кузовов\класс1_Камаз_6522-53\snapshot-202504051233624.jpg,класс1_Камаз_6522-53
C:/Users/USER/Desktop/каталог_датасет_кузовов\класс1_Камаз_6522-53\snapshot-202504051233641.jpg,класс1_Камаз_6522-53
C:/Users/USER/Desktop/каталог_датасет_кузовов\класс1_Камаз_6522-53\snapshot-202504051233648.jpg,класс1_Камаз_6522-53
C:/Users/USER/Desktop/каталог_датасет_кузовов\класс1_Камаз_6522-53\snapshot-202504051233709.jpg,класс1_Камаз_6522-53
C:/Users/USER/Desktop/каталог_датасет_кузовов\класс1_Камаз_6522-53\snapshot-202504051233801.jpg,класс1_Камаз_6522-53
C:/Users/USER/Desktop/каталог_датасет_кузовов\класс1_Камаз_6522-53\snapshot-202504051233821.jpg,класс1_Камаз_6522-53
C:/Users/USER/Desktop/каталог_датасет_кузовов\класс1_Камаз_6522-53\snapshot-202504051234004.jpg,класс1_Камаз_6522-53
C:/Users/USER/Desktop/каталог_датасет_кузовов\класс1_Камаз_6522-53\snapshot-202504051234035.jpg,класс1_Камаз_6522-53
C:/Users/USER/Desktop/каталог_датасет_кузовов\класс1_Камаз_6522-53\snapshot-202504051234418.jpg,класс1_Камаз_6522-53
C:/Users/USER/Desktop/каталог_датасет_кузовов\класс1_Камаз_6522-53\snapshot-202504051234435.jpg,класс1_Камаз_6522-53
C:/Users/USER/Desktop/каталог_датасет_кузовов\класс1_Камаз_6522-53\snapshot-202504051234511.jpg,класс1_Камаз_6522-53
C:/Users/USER/Desktop/каталог_датасет_кузовов\класс1_Камаз_6522-53\snapshot-202504051234816.jpg,класс1_Камаз_6522-53
C:/Users/USER/Desktop/каталог_датасет_кузовов\класс1_Камаз_6522-53\snapshot-202504051234914.jpg,класс1_Камаз_6522-53
C:/Users/USER/Desktop/каталог_датасет_кузовов\класс1_Камаз_6522-53\snapshot-202504051234942.jpg,класс1_Камаз_6522-53
C:/Users/USER/Desktop/каталог_датасет_кузовов\класс1_Камаз_6522-53\snapshot-202504051235214.jpg,класс1_Камаз_6522-53
C:/Users/USER/Desktop/каталог_датасет_кузовов\класс1_Камаз_6522-53\snapshot-202504051235604.jpg,класс1_Камаз_6522-53
C:/Users/USER/Desktop/каталог_датасет_кузовов\класс1_Камаз_6522-53\snapshot-202504051235650.jpg,класс1_Камаз_6522-53
C:/Users/USER/Desktop/каталог_датасет_кузовов\класс1_Камаз_6522-53\snapshot-202504061000040.jpg,класс1_Камаз_6522-53
C:/Users/USER/Desktop/каталог_датасет_кузовов\класс1_Камаз_6522-53\snapshot-202504061000047.jpg,класс1_Камаз_6522-53
C:/Users/USER/Desktop/каталог_датасет_кузовов\класс1_Камаз_6522-53\snapshot-202504061000131.jpg,класс1_Камаз_6522-53
C:/Users/USER/Desktop/каталог_датасет_кузовов\класс1_Камаз_6522-53\snapshot-202504081160007.jpg,класс1_Камаз_6522-53
C:/Users/USER/Desktop/каталог_датасет_кузовов\класс1_Камаз_6522-53\snapshot-202504081160100.jpg,класс1_Камаз_6522-53
C:/Users/USER/Desktop/каталог_датасет_кузовов\класс1_Камаз_6522-53\snapshot-202504081160144.jpg,класс1_Камаз_6522-53
C:/Users/USER/Desktop/каталог_датасет_кузовов\класс1_Камаз_6522-53\snapshot-202504081160211.jpg,класс1_Камаз_6522-53
C:/Users/USER/Desktop/каталог_датасет_кузовов\класс1_Камаз_6522-53\snapshot-202504081160245.jpg,класс1_Камаз_6522-53
C:/Users/USER/Desktop/каталог_датасет_кузовов\класс1_Камаз_6522-53\snapshot-202504081160339.jpg,класс1_Камаз_6522-53
C:/Users/USER/Desktop/каталог_датасет_кузовов\класс1_Камаз_6522-53\snapshot-202504081160350.jpg,класс1_Камаз_6522-53
C:/Users/USER/Desktop/каталог_датасет_кузовов\класс1_Камаз_6522-53\snapshot-202504091204151.jpg,класс1_Камаз_6522-53
C:/Users/USER/Desktop/каталог_датасет_кузовов\класс1_Камаз_6522-53\snapshot-202504091204204.jpg,класс1_Камаз_6522-53
C:/Users/USER/Desktop/каталог_датасет_кузовов\класс1_Камаз_6522-53\snapshot-202504091204227.jpg,класс1_Камаз_6522-53
C:/Users/USER/Desktop/каталог_датасет_кузовов\класс1_Камаз_6522-53\snapshot-202504091204309.jpg,класс1_Камаз_6522-53
C:/Users/USER/Desktop/каталог_датасет_кузовов\класс1_Камаз_6522-53\snapshot-202504091204312.jpg,класс1_Камаз_6522-53
C:/Users/USER/Desktop/каталог_датасет_кузовов\класс1_Камаз_6522-53\snapshot-202504091204342.jpg,класс1_Камаз_6522-53
C:/Users/USER/Desktop/каталог_датасет_кузовов\класс1_Камаз_6522-53\snapshot-202504091204407.jpg,класс1_Камаз_6522-53
C:/Users/USER/Desktop/каталог_датасет_кузовов\класс1_Камаз_6522-53\snapshot-202504091204451.jpg,класс1_Камаз_6522-53
C:/Users/USER/Desktop/каталог_датасет_кузовов\класс1_Камаз_6522-53\snapshot-202504091204524.jpg,класс1_Камаз_6522-53
C:/Users/USER/Desktop/каталог_датасет_кузовов\класс1_Камаз_6522-53\snapshot-202504091204612.jpg,класс1_Камаз_6522-53
C:/Users/USER/Desktop/каталог_датасет_кузовов\класс1_Камаз_6522-53\snapshot-202504091204727.jpg,класс1_Камаз_6522-53
C:/Users/USER/Desktop/каталог_датасет_кузовов\класс1_Камаз_6522-53\snapshot-202504141175513.jpg,класс1_Камаз_6522-53
C:/Users/USER/Desktop/каталог_датасет_кузовов\класс1_Камаз_6522-53\snapshot-202504141175532.jpg,класс1_Камаз_6522-53
C:/Users/USER/Desktop/каталог_датасет_кузовов\класс1_Камаз_6522-53\snapshot-202504141175954.jpg,класс1_Камаз_6522-53
C:/Users/USER/Desktop/каталог_датасет_кузовов\класс1_Камаз_6522-53\snapshot-202504141180026.jpg,класс1_Камаз_6522-53
C:/Users/USER/Desktop/каталог_датасет_кузовов\класс1_Камаз_6522-53\snapshot-202504141180555.jpg,класс1_Камаз_6522-53
C:/Users/USER/Desktop/каталог_датасет_кузовов\класс1_Камаз_6522-53\snapshot-202504141180615.jpg,класс1_Камаз_6522-53
C:/Users/USER/Desktop/каталог_датасет_кузовов\класс1_Камаз_6522-53\snapshot-202504141180639.jpg,класс1_Камаз_6522-53
C:/Users/USER/Desktop/каталог_датасет_кузовов\класс1_Камаз_6522-53\snapshot-202504141180711.jpg,класс1_Камаз_6522-53
C:/Users/USER/Desktop/каталог_датасет_кузовов\класс1_Камаз_6522-53\snapshot-202504141180729.jpg,класс1_Камаз_6522-53
C:/Users/USER/Desktop/каталог_датасет_кузовов\класс1_Камаз_6522-53\snapshot-202504141180753.jpg,класс1_Камаз_6522-53
C:/Users/USER/Desktop/каталог_датасет_кузовов\класс1_Камаз_6522-53\snapshot-202504141180833.jpg,класс1_Камаз_6522-53
C:/Users/USER/Desktop/каталог_датасет_кузовов\класс1_Камаз_6522-53\snapshot-202504141180859.jpg,класс1_Камаз_6522-53
C:/Users/USER/Desktop/каталог_датасет_кузовов\класс1_Камаз_6522-53\snapshot-202504141180933.jpg,класс1_Камаз_6522-53
C:/Users/USER/Desktop/каталог_датасет_кузовов\класс1_Камаз_6522-53\snapshot-202504141181301.jpg,класс1_Камаз_6522-53
C:/Users/USER/Desktop/каталог_датасет_кузовов\класс1_Камаз_6522-53\snapshot-202504141181401.jpg,класс1_Камаз_6522-53
C:/Users/USER/Desktop/каталог_датасет_кузовов\класс1_Камаз_6522-53\snapshot-202504141181832.jpg,класс1_Камаз_6522-53
C:/Users/USER/Desktop/каталог_датасет_кузовов\класс1_Камаз_6522-53\snapshot-202504141181954.jpg,класс1_Камаз_6522-53
C:/Users/USER/Desktop/каталог_датасет_кузовов\класс1_Камаз_6522-53\snapshot-202504141183049.jpg,класс1_Камаз_6522-53
C:/Users/USER/Desktop/каталог_датасет_кузовов\класс1_Камаз_6522-53\snapshot-202504141183143.jpg,класс1_Камаз_6522-53
C:/Users/USER/Desktop/каталог_датасет_кузовов\класс1_Камаз_6522-53\snapshot-202504141183201.jpg,класс1_Камаз_6522-53
C:/Users/USER/Desktop/каталог_датасет_кузовов\класс1_Камаз_6522-53\snapshot-202504141183247.jpg,класс1_Камаз_6522-53
C:/Users/USER/Desktop/каталог_датасет_кузовов\класс1_Камаз_6522-53\snapshot-202504141183552.jpg,класс1_Камаз_6522-53
C:/Users/USER/Desktop/каталог_датасет_кузовов\класс1_Камаз_6522-53\snapshot-202504141183613.jpg,класс1_Камаз_6522-53
C:/Users/USER/Desktop/каталог_датасет_кузовов\класс1_Камаз_6522-53\snapshot-202504141183633.jpg,класс1_Камаз_6522-53
C:/Users/USER/Desktop/каталог_датасет_кузовов\класс1_Камаз_6522-53\snapshot-202504141183719.jpg,класс1_Камаз_6522-53
C:/Users/USER/Desktop/каталог_датасет_кузовов\класс1_Камаз_6522-53\snapshot-202504141183725.jpg,класс1_Камаз_6522-53
C:/Users/USER/Desktop/каталог_датасет_кузовов\класс1_Камаз_6522-53\snapshot-202504141183828.jpg,класс1_Камаз_6522-53
C:/Users/USER/Desktop/каталог_датасет_кузовов\класс1_Камаз_6522-53\snapshot-202504141183904.jpg,класс1_Камаз_6522-53
C:/Users/USER/Desktop/каталог_датасет_кузовов\класс1_Камаз_6522-53\snapshot-202504141183933.jpg,класс1_Камаз_6522-53
C:/Users/USER/Desktop/каталог_датасет_кузовов\класс1_Камаз_6522-53\snapshot-202504141184108.jpg,класс1_Камаз_6522-53
C:/Users/USER/Desktop/каталог_датасет_кузовов\класс1_Камаз_6522-53\snapshot-202504141184200.jpg,класс1_Камаз_6522-53
C:/Users/USER/Desktop/каталог_датасет_кузовов\класс1_Камаз_6522-53\snapshot-202504141184221.jpg,класс1_Камаз_6522-53
C:/Users/USER/Desktop/каталог_датасет_кузовов\класс1_Камаз_6522-53\snapshot-202504141184301.jpg,класс1_Камаз_6522-53
C:/Users/USER/Desktop/каталог_датасет_кузовов\класс1_Камаз_6522-53\snapshot-202504141184402.jpg,класс1_Камаз_6522-53
C:/Users/USER/Desktop/каталог_датасет_кузовов\класс1_Камаз_6522-53\snapshot-202504141184754.jpg,класс1_Камаз_6522-53
C:/Users/USER/Desktop/каталог_датасет_кузовов\класс1_Камаз_6522-53\snapshot-202504141184827.jpg,класс1_Камаз_6522-53
C:/Users/USER/Desktop/каталог_датасет_кузовов\класс1_Камаз_6522-53\snapshot-202504141184831.jpg,класс1_Камаз_6522-53
C:/Users/USER/Desktop/каталог_датасет_кузовов\класс1_Камаз_6522-53\snapshot-202504141184841.jpg,класс1_Камаз_6522-53
C:/Users/USER/Desktop/каталог_датасет_кузовов\класс1_Камаз_6522-53\snapshot-202504141184849.jpg,класс1_Камаз_6522-53
C:/Users/USER/Desktop/каталог_датасет_кузовов\класс1_Камаз_6522-53\snapshot-202504141185022.jpg,класс1_Камаз_6522-53
C:/Users/USER/Desktop/каталог_датасет_кузовов\класс1_Камаз_6522-53\snapshot-202504141185124.jpg,класс1_Камаз_6522-53
C:/Users/USER/Desktop/каталог_датасет_кузовов\класс1_Камаз_6522-53\snapshot-202504141185314.jpg,класс1_Камаз_6522-53
C:/Users/USER/Desktop/каталог_датасет_кузовов\класс1_Камаз_6522-53\snapshot-202504141185614.jpg,класс1_Камаз_6522-53
C:/Users/USER/Desktop/каталог_датасет_кузовов\класс1_Камаз_6522-53\snapshot-202504221230214.jpg,класс1_Камаз_6522-53
C:/Users/USER/Desktop/каталог_датасет_кузовов\класс1_Камаз_6522-53\snapshot-202504221230436.jpg,класс1_Камаз_6522-53
C:/Users/USER/Desktop/каталог_датасет_кузовов\класс1_Камаз_6522-53\snapshot-202504221230642.jpg,класс1_Камаз_6522-53
C:/Users/USER/Desktop/каталог_датасет_кузовов\класс1_Камаз_6522-53\snapshot-202504221230709.jpg,класс1_Камаз_6522-53
C:/Users/USER/Desktop/каталог_датасет_кузовов\класс1_Камаз_6522-53\snapshot-202504221230751.jpg,класс1_Камаз_6522-53
C:/Users/USER/Desktop/каталог_датасет_кузовов\класс1_Камаз_6522-53\snapshot-202504221230834.jpg,класс1_Камаз_6522-53
C:/Users/USER/Desktop/каталог_датасет_кузовов\класс1_Камаз_6522-53\snapshot-202504221230858.jpg,класс1_Камаз_6522-53
C:/Users/USER/Desktop/каталог_датасет_кузовов\класс1_Камаз_6522-53\snapshot-202504221230917.jpg,класс1_Камаз_6522-53
C:/Users/USER/Desktop/каталог_датасет_кузовов\класс1_Камаз_6522-53\snapshot-202504221230956.jpg,класс1_Камаз_6522-53
C:/Users/USER/Desktop/каталог_датасет_кузовов\класс1_Камаз_6522-53\snapshot-202504221231014.jpg,класс1_Камаз_6522-53
C:/Users/USER/Desktop/каталог_датасет_кузовов\класс1_Камаз_6522-53\snapshot-202504221231101.jpg,класс1_Камаз_6522-53
C:/Users/USER/Desktop/каталог_датасет_кузовов\класс1_Камаз_6522-53\snapshot-202504221231304.jpg,класс1_Камаз_6522-53
C:/Users/USER/Desktop/каталог_датасет_кузовов\класс1_Камаз_6522-53\snapshot-202504221231334.jpg,класс1_Камаз_6522-53
C:/Users/USER/Desktop/каталог_датасет_кузовов\класс1_Камаз_6522-53\snapshot-202504221231348.jpg,класс1_Камаз_6522-53
C:/Users/USER/Desktop/каталог_датасет_кузовов\класс1_Камаз_6522-53\snapshot-202504221231450.jpg,класс1_Камаз_6522-53
C:/Users/USER/Desktop/каталог_датасет_кузовов\класс1_Камаз_6522-53\snapshot-202504221231519.jpg,класс1_Камаз_6522-53
C:/Users/USER/Desktop/каталог_датасет_кузовов\класс1_Камаз_6522-53\snapshot-202504221231556.jpg,класс1_Камаз_6522-53
C:/Users/USER/Desktop/каталог_датасет_кузовов\класс1_Камаз_6522-53\snapshot-202504221231620.jpg,класс1_Камаз_6522-53
C:/Users/USER/Desktop/каталог_датасет_кузовов\класс1_Камаз_6522-53\snapshot-202504221231626.jpg,класс1_Камаз_6522-53
C:/Users/USER/Desktop/каталог_датасет_кузовов\класс1_Камаз_6522-53\snapshot-202504221231628.jpg,класс1_Камаз_6522-53
C:/Users/USER/Desktop/каталог_датасет_кузовов\класс1_Камаз_6522-53\snapshot-202504221231639.jpg,класс1_Камаз_6522-53
C:/Users/USER/Desktop/каталог_датасет_кузовов\класс1_Камаз_6522-53\snapshot-202504221231709.jpg,класс1_Камаз_6522-53
C:/Users/USER/Desktop/каталог_датасет_кузовов\класс1_Камаз_6522-53\snapshot-202504221231720.jpg,класс1_Камаз_6522-53
C:/Users/USER/Desktop/каталог_датасет_кузовов\класс1_Камаз_6522-53\snapshot-202504221231954.jpg,класс1_Камаз_6522-53
C:/Users/USER/Desktop/каталог_датасет_кузовов\класс1_Камаз_6522-53\snapshot-202504221232049.jpg,класс1_Камаз_6522-53
C:/Users/USER/Desktop/каталог_датасет_кузовов\класс1_Камаз_6522-53\snapshot-202504221232320.jpg,класс1_Камаз_6522-53
C:/Users/USER/Desktop/каталог_датасет_кузовов\класс1_Камаз_6522-53\snapshot-202504221232329.jpg,класс1_Камаз_6522-53
C:/Users/USER/Desktop/каталог_датасет_кузовов\класс1_Камаз_6522-53\snapshot-202504221232431.jpg,класс1_Камаз_6522-53
C:/Users/USER/Desktop/каталог_датасет_кузовов\класс1_Камаз_6522-53\snapshot-202504221232452.jpg,класс1_Камаз_6522-53
C:/Users/USER/Desktop/каталог_датасет_кузовов\класс1_Камаз_6522-53\snapshot-202504221232508.jpg,класс1_Камаз_6522-53
C:/Users/USER/Desktop/каталог_датасет_кузовов\класс1_Камаз_6522-53\snapshot-202504221232541.jpg,класс1_Камаз_6522-53
C:/Users/USER/Desktop/каталог_датасет_кузовов\класс1_Камаз_6522-53\snapshot-202504221232629.jpg,класс1_Камаз_6522-53
C:/Users/USER/Desktop/каталог_датасет_кузовов\класс1_Камаз_6522-53\snapshot-202504221232716.jpg,класс1_Камаз_6522-53
C:/Users/USER/Desktop/каталог_датасет_кузовов\класс1_Камаз_6522-53\snapshot-202504221232808.jpg,класс1_Камаз_6522-53
C:/Users/USER/Desktop/каталог_датасет_кузовов\класс1_Камаз_6522-53\snapshot-202504221232912.jpg,класс1_Камаз_6522-53
C:/Users/USER/Desktop/каталог_датасет_кузовов\класс1_Камаз_6522-53\snapshot-202504221233031.jpg,класс1_Камаз_6522-53
C:/Users/USER/Desktop/каталог_датасет_кузовов\класс1_Камаз_6522-53\snapshot-202504221233155.jpg,класс1_Камаз_6522-53
C:/Users/USER/Desktop/каталог_датасет_кузовов\класс1_Камаз_6522-53\snapshot-202504221233234.jpg,класс1_Камаз_6522-53
C:/Users/USER/Desktop/каталог_датасет_кузовов\класс1_Камаз_6522-53\snapshot-202504221233640.jpg,класс1_Камаз_6522-53
C:/Users/USER/Desktop/каталог_датасет_кузовов\класс1_Камаз_6522-53\snapshot-202504221233713.jpg,класс1_Камаз_6522-53
C:/Users/USER/Desktop/каталог_датасет_кузовов\класс1_Камаз_6522-53\snapshot-202504221233732.jpg,класс1_Камаз_6522-53
C:/Users/USER/Desktop/каталог_датасет_кузовов\класс1_Камаз_6522-53\snapshot-202504221233759.jpg,класс1_Камаз_6522-53
C:/Users/USER/Desktop/каталог_датасет_кузовов\класс1_Камаз_6522-53\snapshot-202504221233949.jpg,класс1_Камаз_6522-53
C:/Users/USER/Desktop/каталог_датасет_кузовов\класс1_Камаз_6522-53\snapshot-202504221234015.jpg,класс1_Камаз_6522-53
C:/Users/USER/Desktop/каталог_датасет_кузовов\класс1_Камаз_6522-53\snapshot-202504221234309.jpg,класс1_Камаз_6522-53
C:/Users/USER/Desktop/каталог_датасет_кузовов\класс1_Камаз_6522-53\snapshot-202504221234334.jpg,класс1_Камаз_6522-53
C:/Users/USER/Desktop/каталог_датасет_кузовов\класс1_Камаз_6522-53\snapshot-202504221234359.jpg,класс1_Камаз_6522-53
C:/Users/USER/Desktop/каталог_датасет_кузовов\класс1_Камаз_6522-53\snapshot-202504221234425.jpg,класс1_Камаз_6522-53
C:/Users/USER/Desktop/каталог_датасет_кузовов\класс1_Камаз_6522-53\snapshot-202504221234444.jpg,класс1_Камаз_6522-53
C:/Users/USER/Desktop/каталог_датасет_кузовов\класс1_Камаз_6522-53\snapshot-202504221234806.jpg,класс1_Камаз_6522-53
C:/Users/USER/Desktop/каталог_датасет_кузовов\класс1_Камаз_6522-53\ss_push_174187346621345_2_1741873465333199_0.jpg,класс1_Камаз_6522-53
C:/Users/USER/Desktop/каталог_датасет_кузовов\класс1_Камаз_6522-53\ss_push_1741879904596675_2_1741879903863895_0.jpg,класс1_Камаз_6522-53
C:/Users/USER/Desktop/каталог_датасет_кузовов\класс1_Камаз_6522-53\ss_push_1741880730803233_2_1741880729883934_0.jpg,класс1_Камаз_6522-53
C:/Users/USER/Desktop/каталог_датасет_кузовов\класс1_Камаз_6522-53\ss_push_1741880898111218_2_1741880897182289_0.jpg,класс1_Камаз_6522-53
C:/Users/USER/Desktop/каталог_датасет_кузовов\класс1_Камаз_6522-53\ss_push_1741881702728893_2_1741881702352587_0.jpg,класс1_Камаз_6522-53
C:/Users/USER/Desktop/каталог_датасет_кузовов\класс1_Камаз_6522-53\ss_push_1741887699875345_2_1741887699498622_0.jpg,класс1_Камаз_6522-53
C:/Users/USER/Desktop/каталог_датасет_кузовов\класс1_Камаз_6522-53\ss_push_174188772528187_2_1741887724562191_0.jpg,класс1_Камаз_6522-53
C:/Users/USER/Desktop/каталог_датасет_кузовов\класс1_Камаз_6522-53\ss_push_174188931048619_2_1741889309627058_0.jpg,класс1_Камаз_6522-53
C:/Users/USER/Desktop/каталог_датасет_кузовов\класс1_Камаз_6522-53\ss_push_174189108083640_2_1741891079110359_0.jpg,класс1_Камаз_6522-53
C:/Users/USER/Desktop/каталог_датасет_кузовов\класс1_Камаз_6522-53\ss_push_1741891095242409_2_1741891094149917_0.jpg,класс1_Камаз_6522-53
C:/Users/USER/Desktop/каталог_датасет_кузовов\класс1_Камаз_6522-53\ss_push_1741891885946863_2_1741891885044713_0.jpg,класс1_Камаз_6522-53
C:/Users/USER/Desktop/каталог_датасет_кузовов\класс1_Камаз_6522-53\ss_push_1741891922104842_2_1741891921592374_0.jpg,класс1_Камаз_6522-53
C:/Users/USER/Desktop/каталог_датасет_кузовов\класс1_Камаз_6522-53\ss_push_1741891963279781_2_1741891962763917_0.jpg,класс1_Камаз_6522-53
C:/Users/USER/Desktop/каталог_датасет_кузовов\класс1_Камаз_6522-53\ss_push_1741894110261988_2_1741894109442556_0.jpg,класс1_Камаз_6522-53
C:/Users/USER/Desktop/каталог_датасет_кузовов\класс1_Камаз_6522-53\ss_push_1741894225437409_2_1741894224079429_0.jpg,класс1_Камаз_6522-53
C:/Users/USER/Desktop/каталог_датасет_кузовов\класс1_Камаз_6522-53\ss_push_1741898699798541_2_1741898699390888_0.jpg,класс1_Камаз_6522-53
C:/Users/USER/Desktop/каталог_датасет_кузовов\класс1_Камаз_6522-53\ss_push_174189874897726_2_1741898747149710_0.jpg,класс1_Камаз_6522-53
C:/Users/USER/Desktop/каталог_датасет_кузовов\класс1_Камаз_6522-53\ss_push_1741899888630985_2_1741899887567060_0.jpg,класс1_Камаз_6522-53
C:/Users/USER/Desktop/каталог_датасет_кузовов\класс1_Камаз_6522-53\ss_push_1741903985427035_2_1741903984116694_0.jpg,класс1_Камаз_6522-53
C:/Users/USER/Desktop/каталог_датасет_кузовов\класс1_Камаз_6522-53\ss_push_1741905081700891_2_1741905080805175_0.jpg,класс1_Камаз_6522-53
C:/Users/USER/Desktop/каталог_датасет_кузовов\класс1_Камаз_6522-53\ss_push_174190526818033_2_1741905267200347_0.jpg,класс1_Камаз_6522-53
C:/Users/USER/Desktop/каталог_датасет_кузовов\класс1_Камаз_6522-53\ss_push_1741905398322521_2_1741905397488473_0.jpg,класс1_Камаз_6522-53
C:/Users/USER/Desktop/каталог_датасет_кузовов\класс1_Камаз_6522-53\ss_push_1741906198830875_2_1741906198146683_0.jpg,класс1_Камаз_6522-53
C:/Users/USER/Desktop/каталог_датасет_кузовов\класс1_Камаз_6522-53\ss_push_1741908388742023_2_1741908387492693_0.jpg,класс1_Камаз_6522-53
C:/Users/USER/Desktop/каталог_датасет_кузовов\класс1_Камаз_6522-53\ss_push_1741913446280093_2_1741913445075155_0.jpg,класс1_Камаз_6522-53
C:/Users/USER/Desktop/каталог_датасет_кузовов\класс1_Камаз_6522-53\ss_push_1741913562436580_2_1741913561991895_0.jpg,класс1_Камаз_6522-53
C:/Users/USER/Desktop/каталог_датасет_кузовов\класс1_Камаз_6522-53\ss_push_1741913642594336_2_1741913641412317_0.jpg,класс1_Камаз_6522-53
C:/Users/USER/Desktop/каталог_датасет_кузовов\класс1_Камаз_6522-53\ss_push_174191624135074_2_1741916240573005_0.jpg,класс1_Камаз_6522-53
C:/Users/USER/Desktop/каталог_датасет_кузовов\класс1_Камаз_6522-53\ss_push_1741918142626832_2_1741918141749932_0.jpg,класс1_Камаз_6522-53
C:/Users/USER/Desktop/каталог_датасет_кузовов\класс1_Камаз_6522-53\ss_push_1741918881986849_2_1741918881173753_0.jpg,класс1_Камаз_6522-53
C:/Users/USER/Desktop/каталог_датасет_кузовов\класс1_Камаз_6522-53\ss_push_1741918895135225_2_1741918894065738_0.jpg,класс1_Камаз_6522-53
C:/Users/USER/Desktop/каталог_датасет_кузовов\класс1_Камаз_6522-53\ss_push_1741923179901590_2_1741923178985536_0.jpg,класс1_Камаз_6522-53
C:/Users/USER/Desktop/каталог_датасет_кузовов\класс1_Камаз_6522-53\ss_push_174192322159397_2_1741923219900616_0.jpg,класс1_Камаз_6522-53
C:/Users/USER/Desktop/каталог_датасет_кузовов\класс1_Камаз_6522-53\ss_push_1741924276200151_2_1741924275667904_0.jpg,класс1_Камаз_6522-53
C:/Users/USER/Desktop/каталог_датасет_кузовов\класс1_Камаз_6522-53\ss_push_1741924369384075_2_1741924369004933_0.jpg,класс1_Камаз_6522-53
C:/Users/USER/Desktop/каталог_датасет_кузовов\класс1_Камаз_6522-53\ss_push_1741926036264637_2_1741926035344357_0.jpg,класс1_Камаз_6522-53
C:/Users/USER/Desktop/каталог_датасет_кузовов\класс1_Камаз_6522-53\ss_push_1741926056421765_2_1741926055590323_0.jpg,класс1_Камаз_6522-53
C:/Users/USER/Desktop/каталог_датасет_кузовов\класс1_Камаз_6522-53\ss_push_1741926097582274_2_1741926096583039_0.jpg,класс1_Камаз_6522-53
C:/Users/USER/Desktop/каталог_датасет_кузовов\класс1_Камаз_6522-53\ss_push_1741926161735090_2_1741926160961695_0.jpg,класс1_Камаз_6522-53
C:/Users/USER/Desktop/каталог_датасет_кузовов\класс1_Камаз_6522-53\ss_push_1741926206889238_2_1741926205642671_0.jpg,класс1_Камаз_6522-53
C:/Users/USER/Desktop/каталог_датасет_кузовов\класс1_Камаз_6522-53\ss_push_1742130853442119_2_1742130852958712_0.jpg,класс1_Камаз_6522-53
C:/Users/USER/Desktop/каталог_датасет_кузовов\класс1_Камаз_6522-53\ss_push_1742296962752908_2_1742296962040828_0.jpg,класс1_Камаз_6522-53
C:/Users/USER/Desktop/каталог_датасет_кузовов\класс1_Камаз_6522-53\ss_push_1742400194114294_2_1742400193717427_0.jpg,класс1_Камаз_6522-53
C:/Users/USER/Desktop/каталог_датасет_кузовов\класс1_Камаз_6522-53\ss_push_1742458399525821_2_1742458398717868_0.jpg,класс1_Камаз_6522-53
C:/Users/USER/Desktop/каталог_датасет_кузовов\класс1_Камаз_6522-53\ss_push_1742458435686991_2_1742458434773945_0.jpg,класс1_Камаз_6522-53
C:/Users/USER/Desktop/каталог_датасет_кузовов\класс1_Камаз_6522-53\ss_push_1742458896215181_2_1742458895231105_0.jpg,класс1_Камаз_6522-53
C:/Users/USER/Desktop/каталог_датасет_кузовов\класс1_Камаз_6522-53\ss_push_1742485023325980_2_1742485022811539_0.jpg,класс1_Камаз_6522-53
C:/Users/USER/Desktop/каталог_датасет_кузовов\класс1_Камаз_6522-53\ss_push_1742485545190199_2_1742485544422694_0.jpg,класс1_Камаз_6522-53
C:/Users/USER/Desktop/каталог_датасет_кузовов\класс1_Камаз_6522-53\ss_push_1742485905397975_2_1742485904450174_0.jpg,класс1_Камаз_6522-53
C:/Users/USER/Desktop/каталог_датасет_кузовов\класс1_Камаз_6522-53\ss_push_1742490712223032_2_1742490711060159_0.jpg,класс1_Камаз_6522-53
C:/Users/USER/Desktop/каталог_датасет_кузовов\класс1_Камаз_6522-53\ss_push_1742497526993916_2_1742497526429786_0.jpg,класс1_Камаз_6522-53
C:/Users/USER/Desktop/каталог_датасет_кузовов\класс1_Камаз_6522-53\ss_push_1742502662521667_2_1742502662067562_0.jpg,класс1_Камаз_6522-53
C:/Users/USER/Desktop/каталог_датасет_кузовов\класс1_Камаз_6522-53\ss_push_1742502801693312_2_1742502800655265_0.jpg,класс1_Камаз_6522-53
C:/Users/USER/Desktop/каталог_датасет_кузовов\класс1_Камаз_6522-53\ss_push_1742503899414100_2_1742503898790651_0.jpg,класс1_Камаз_6522-53
C:/Users/USER/Desktop/каталог_датасет_кузовов\класс1_Камаз_6522-53\ss_push_1742542799447897_2_1742542798226864_0.jpg,класс1_Камаз_6522-53
C:/Users/USER/Desktop/каталог_датасет_кузовов\класс1_Камаз_6522-53\ss_push_1742543575122609_2_1742543574458288_0.jpg,класс1_Камаз_6522-53
C:/Users/USER/Desktop/каталог_датасет_кузовов\класс1_Камаз_6522-53\ss_push_1742543594383442_2_1742543593092475_0.jpg,класс1_Камаз_6522-53
C:/Users/USER/Desktop/каталог_датасет_кузовов\класс1_Камаз_6522-53\ss_push_1742559004707664_2_1742559004253905_0.jpg,класс1_Камаз_6522-53
C:/Users/USER/Desktop/каталог_датасет_кузовов\класс1_Камаз_6522-53\ss_push_1742583022187056_2_1742583021289947_0.jpg,класс1_Камаз_6522-53
C:/Users/USER/Desktop/каталог_датасет_кузовов\класс1_Камаз_6522-53\ss_push_1742584862982076_2_1742584862265324_0.jpg,класс1_Камаз_6522-53
C:/Users/USER/Desktop/каталог_датасет_кузовов\класс1_Камаз_6522-53\ss_push_1742588459539145_2_1742588458357682_0.jpg,класс1_Камаз_6522-53
C:/Users/USER/Desktop/каталог_датасет_кузовов\класс1_Камаз_6522-53\ss_push_1742588568882148_2_1742588568377862_0.jpg,класс1_Камаз_6522-53
C:/Users/USER/Desktop/каталог_датасет_кузовов\класс1_Камаз_6522-53\ss_push_174258859653833_2_1742588595649979_0.jpg,класс1_Камаз_6522-53
C:/Users/USER/Desktop/каталог_датасет_кузовов\класс1_Камаз_6522-53\ss_push_1742593612904380_2_1742593612006084_0.jpg,класс1_Камаз_6522-53
C:/Users/USER/Desktop/каталог_датасет_кузовов\класс1_Камаз_6522-53\ss_push_1742598813405848_2_1742598812705470_0.jpg,класс1_Камаз_6522-53
C:/Users/USER/Desktop/каталог_датасет_кузовов\класс1_Камаз_6522-53\ss_push_1742602086918413_2_1742602085922428_0.jpg,класс1_Камаз_6522-53
C:/Users/USER/Desktop/каталог_датасет_кузовов\класс1_Камаз_6522-53\ss_push_1742602226488024_2_1742602225291079_0.jpg,класс1_Камаз_6522-53
C:/Users/USER/Desktop/каталог_датасет_кузовов\класс1_Камаз_6522-53\ss_push_1742603217214149_2_1742603216730283_0.jpg,класс1_Камаз_6522-53
C:/Users/USER/Desktop/каталог_датасет_кузовов\класс1_Камаз_6522-53\ss_push_1742608992144795_2_1742608991378589_0.jpg,класс1_Камаз_6522-53
C:/Users/USER/Desktop/каталог_датасет_кузовов\класс1_Камаз_6522-53\ss_push_1742613016920478_2_1742613015662835_0.jpg,класс1_Камаз_6522-53
C:/Users/USER/Desktop/каталог_датасет_кузовов\класс1_Камаз_6522-53\ss_push_174261309886115_2_1742613097743292_0.jpg,класс1_Камаз_6522-53
C:/Users/USER/Desktop/каталог_датасет_кузовов\класс1_Камаз_6522-53\ss_push_1742636690725788_2_1742636689389917_0.jpg,класс1_Камаз_6522-53
C:/Users/USER/Desktop/каталог_датасет_кузовов\класс1_Камаз_6522-53\ss_push_1742637557302905_2_1742637556317248_0.jpg,класс1_Камаз_6522-53
C:/Users/USER/Desktop/каталог_датасет_кузовов\класс1_Камаз_6522-53\ss_push_1742638212365937_2_1742638211194777_0.jpg,класс1_Камаз_6522-53
C:/Users/USER/Desktop/каталог_датасет_кузовов\класс1_Камаз_6522-53\ss_push_1742716655333120_2_1742716654391552_0.jpg,класс1_Камаз_6522-53
C:/Users/USER/Desktop/каталог_датасет_кузовов\класс1_Камаз_6522-53\ss_push_1742743870478143_2_1742743869683581_0.jpg,класс1_Камаз_6522-53
C:/Users/USER/Desktop/каталог_датасет_кузовов\класс1_Камаз_6522-53\ss_push_174275716987216_2_1742757168382007_0.jpg,класс1_Камаз_6522-53
C:/Users/USER/Desktop/каталог_датасет_кузовов\класс1_Камаз_6522-53\ss_push_1742757262240405_2_1742757261098389_0.jpg,класс1_Камаз_6522-53
C:/Users/USER/Desktop/каталог_датасет_кузовов\класс1_Камаз_6522-53\ss_push_1742759541288691_2_1742759540494621_0.jpg,класс1_Камаз_6522-53
C:/Users/USER/Desktop/каталог_датасет_кузовов\класс1_Камаз_6522-53\ss_push_1742759717738352_2_1742759716900634_0.jpg,класс1_Камаз_6522-53
C:/Users/USER/Desktop/каталог_датасет_кузовов\класс1_Камаз_6522-53\ss_push_1742766170955468_2_1742766170202163_0.jpg,класс1_Камаз_6522-53
C:/Users/USER/Desktop/каталог_датасет_кузовов\класс1_Камаз_6522-53\ss_push_1742767835671072_2_1742767835100119_0.jpg,класс1_Камаз_6522-53
C:/Users/USER/Desktop/каталог_датасет_кузовов\класс1_Камаз_6522-53\ss_push_1742768151135641_2_1742768150129564_0.jpg,класс1_Камаз_6522-53
C:/Users/USER/Desktop/каталог_датасет_кузовов\класс1_Камаз_6522-53\ss_push_1742805985564685_2_1742805985013571_0.jpg,класс1_Камаз_6522-53
C:/Users/USER/Desktop/каталог_датасет_кузовов\класс1_Камаз_6522-53\ss_push_174281705178678_2_1742817050078445_0.jpg,класс1_Камаз_6522-53
C:/Users/USER/Desktop/каталог_датасет_кузовов\класс1_Камаз_6522-53\ss_push_1742817063227894_2_1742817062322188_0.jpg,класс1_Камаз_6522-53
C:/Users/USER/Desktop/каталог_датасет_кузовов\класс1_Камаз_6522-53\ss_push_1742817594894781_2_1742817594375390_0.jpg,класс1_Камаз_6522-53
C:/Users/USER/Desktop/каталог_датасет_кузовов\класс1_Камаз_6522-53\ss_push_1742820823408634_2_1742820822714860_0.jpg,класс1_Камаз_6522-53
C:/Users/USER/Desktop/каталог_датасет_кузовов\класс1_Камаз_6522-53\ss_push_1742841727976702_2_1742841726813964_0.jpg,класс1_Камаз_6522-53
C:/Users/USER/Desktop/каталог_датасет_кузовов\класс1_Камаз_6522-53\ss_push_1742841778131384_2_1742841777505343_0.jpg,класс1_Камаз_6522-53
C:/Users/USER/Desktop/каталог_датасет_кузовов\класс1_Камаз_6522-53\ss_push_1742843403726780_2_1742843403343666_0.jpg,класс1_Камаз_6522-53
C:/Users/USER/Desktop/каталог_датасет_кузовов\класс1_Камаз_6522-53\ss_push_1742843508883886_2_1742843507903020_0.jpg,класс1_Камаз_6522-53
C:/Users/USER/Desktop/каталог_датасет_кузовов\класс1_Камаз_6522-53\ss_push_1742843644191621_2_1742843643152794_0.jpg,класс1_Камаз_6522-53
C:/Users/USER/Desktop/каталог_датасет_кузовов\класс1_Камаз_6522-53\ss_push_1742845015359932_2_1742845014640299_0.jpg,класс1_Камаз_6522-53
C:/Users/USER/Desktop/каталог_датасет_кузовов\класс1_Камаз_6522-53\ss_push_1742845032511762_2_1742845031551344_0.jpg,класс1_Камаз_6522-53
C:/Users/USER/Desktop/каталог_датасет_кузовов\класс1_Камаз_6522-53\ss_push_1742849308500123_2_1742849307620004_0.jpg,класс1_Камаз_6522-53
C:/Users/USER/Desktop/каталог_датасет_кузовов\класс1_Камаз_6522-53\ss_push_174285227178499_2_1742852269880786_0.jpg,класс1_Камаз_6522-53
C:/Users/USER/Desktop/каталог_датасет_кузовов\класс1_Камаз_6522-53\ss_push_1742852297227351_2_1742852296763155_0.jpg,класс1_Камаз_6522-53
C:/Users/USER/Desktop/каталог_датасет_кузовов\класс1_Камаз_6522-53\ss_push_1742852446388032_2_1742852445228845_0.jpg,класс1_Камаз_6522-53
C:/Users/USER/Desktop/каталог_датасет_кузовов\класс1_Камаз_6522-53\ss_push_1742856919367890_2_1742856918555754_0.jpg,класс1_Камаз_6522-53
C:/Users/USER/Desktop/каталог_датасет_кузовов\класс1_Камаз_6522-53\ss_push_1742856951522624_2_1742856950814934_0.jpg,класс1_Камаз_6522-53
C:/Users/USER/Desktop/каталог_датасет_кузовов\класс1_Камаз_6522-53\ss_push_1742858143229846_2_1742858142435397_0.jpg,класс1_Камаз_6522-53
C:/Users/USER/Desktop/каталог_датасет_кузовов\класс1_Камаз_6522-53\ss_push_1742860503155796_2_1742860502617085_0.jpg,класс1_Камаз_6522-53
C:/Users/USER/Desktop/каталог_датасет_кузовов\класс1_Камаз_6522-53\ss_push_174286732839461_2_1742867327624980_0.jpg,класс1_Камаз_6522-53
C:/Users/USER/Desktop/каталог_датасет_кузовов\класс1_Камаз_6522-53\ss_push_1742881526481665_2_1742881525780592_0.jpg,класс1_Камаз_6522-53
C:/Users/USER/Desktop/каталог_датасет_кузовов\класс2_самосвал_WAF_8x4\snapshot-202504061000000.jpg,класс2_самосвал_WAF_8x4
C:/Users/USER/Desktop/каталог_датасет_кузовов\класс2_самосвал_WAF_8x4\snapshot-202504061000109.jpg,класс2_самосвал_WAF_8x4
C:/Users/USER/Desktop/каталог_датасет_кузовов\класс2_самосвал_WAF_8x4\snapshot-202504141181314.jpg,класс2_самосвал_WAF_8x4
C:/Users/USER/Desktop/каталог_датасет_кузовов\класс2_самосвал_WAF_8x4\snapshot-202504141181446.jpg,класс2_самосвал_WAF_8x4
C:/Users/USER/Desktop/каталог_датасет_кузовов\класс2_самосвал_WAF_8x4\snapshot-202504141181555.jpg,класс2_самосвал_WAF_8x4
C:/Users/USER/Desktop/каталог_датасет_кузовов\класс2_самосвал_WAF_8x4\snapshot-202504141181635.jpg,класс2_самосвал_WAF_8x4
C:/Users/USER/Desktop/каталог_датасет_кузовов\класс2_самосвал_WAF_8x4\snapshot-202504141181857.jpg,класс2_самосвал_WAF_8x4
C:/Users/USER/Desktop/каталог_датасет_кузовов\класс2_самосвал_WAF_8x4\snapshot-202504141181920.jpg,класс2_самосвал_WAF_8x4
C:/Users/USER/Desktop/каталог_датасет_кузовов\класс2_самосвал_WAF_8x4\snapshot-202504141182241.jpg,класс2_самосвал_WAF_8x4
C:/Users/USER/Desktop/каталог_датасет_кузовов\класс2_самосвал_WAF_8x4\snapshot-202504141182343.jpg,класс2_самосвал_WAF_8x4
C:/Users/USER/Desktop/каталог_датасет_кузовов\класс2_самосвал_WAF_8x4\snapshot-202504141182415.jpg,класс2_самосвал_WAF_8x4
C:/Users/USER/Desktop/каталог_датасет_кузовов\класс2_самосвал_WAF_8x4\snapshot-202504141182635.jpg,класс2_самосвал_WAF_8x4
C:/Users/USER/Desktop/каталог_датасет_кузовов\класс2_самосвал_WAF_8x4\snapshot-202504141182714.jpg,класс2_самосвал_WAF_8x4
C:/Users/USER/Desktop/каталог_датасет_кузовов\класс2_самосвал_WAF_8x4\snapshot-202504141183222.jpg,класс2_самосвал_WAF_8x4
C:/Users/USER/Desktop/каталог_датасет_кузовов\класс2_самосвал_WAF_8x4\snapshot-202504141183322.jpg,класс2_самосвал_WAF_8x4
C:/Users/USER/Desktop/каталог_датасет_кузовов\класс2_самосвал_WAF_8x4\snapshot-202504141183644.jpg,класс2_самосвал_WAF_8x4
C:/Users/USER/Desktop/каталог_датасет_кузовов\класс2_самосвал_WAF_8x4\snapshot-202504141183747.jpg,класс2_самосвал_WAF_8x4
C:/Users/USER/Desktop/каталог_датасет_кузовов\класс2_самосвал_WAF_8x4\snapshot-202504141184040.jpg,класс2_самосвал_WAF_8x4
C:/Users/USER/Desktop/каталог_датасет_кузовов\класс2_самосвал_WAF_8x4\snapshot-202504141184146.jpg,класс2_самосвал_WAF_8x4
C:/Users/USER/Desktop/каталог_датасет_кузовов\класс2_самосвал_WAF_8x4\snapshot-202504141184700.jpg,класс2_самосвал_WAF_8x4
C:/Users/USER/Desktop/каталог_датасет_кузовов\класс2_самосвал_WAF_8x4\snapshot-202504141184730.jpg,класс2_самосвал_WAF_8x4
C:/Users/USER/Desktop/каталог_датасет_кузовов\класс2_самосвал_WAF_8x4\snapshot-202504141185044.jpg,класс2_самосвал_WAF_8x4
C:/Users/USER/Desktop/каталог_датасет_кузовов\класс2_самосвал_WAF_8x4\snapshot-202504141185152.jpg,класс2_самосвал_WAF_8x4
C:/Users/USER/Desktop/каталог_датасет_кузовов\класс2_самосвал_WAF_8x4\snapshot-202504141185848.jpg,класс2_самосвал_WAF_8x4
C:/Users/USER/Desktop/каталог_датасет_кузовов\класс2_самосвал_WAF_8x4\snapshot-202504141185933.jpg,класс2_самосвал_WAF_8x4
C:/Users/USER/Desktop/каталог_датасет_кузовов\класс2_самосвал_WAF_8x4\snapshot-202504221230335.jpg,класс2_самосвал_WAF_8x4
C:/Users/USER/Desktop/каталог_датасет_кузовов\класс2_самосвал_WAF_8x4\snapshot-202504221230353.jpg,класс2_самосвал_WAF_8x4
C:/Users/USER/Desktop/каталог_датасет_кузовов\класс2_самосвал_WAF_8x4\snapshot-202504221233855.jpg,класс2_самосвал_WAF_8x4
C:/Users/USER/Desktop/каталог_датасет_кузовов\класс2_самосвал_WAF_8x4\snapshot-202504221233922.jpg,класс2_самосвал_WAF_8x4
C:/Users/USER/Desktop/каталог_датасет_кузовов\класс2_самосвал_WAF_8x4\snapshot-202504221234514.jpg,класс2_самосвал_WAF_8x4
C:/Users/USER/Desktop/каталог_датасет_кузовов\класс2_самосвал_WAF_8x4\snapshot-202504221234539.jpg,класс2_самосвал_WAF_8x4
C:/Users/USER/Desktop/каталог_датасет_кузовов\класс2_самосвал_WAF_8x4\ss_push_1741876806699208_2_1741876805763820_0.jpg,класс2_самосвал_WAF_8x4
C:/Users/USER/Desktop/каталог_датасет_кузовов\класс2_самосвал_WAF_8x4\ss_push_1742202735866750_2_1742202735222994_0.jpg,класс2_самосвал_WAF_8x4
C:/Users/USER/Desktop/каталог_датасет_кузовов\класс2_самосвал_WAF_8x4\Снимок.JPG,класс2_самосвал_WAF_8x4
C:/Users/USER/Desktop/каталог_датасет_кузовов\класс2_самосвал_WAF_8x4\Снимок_1.JPG,класс2_самосвал_WAF_8x4
C:/Users/USER/Desktop/каталог_датасет_кузовов\класс3_Самосвал WAF_ 6х4\snapshot-202504141181751.jpg,класс3_Самосвал WAF_ 6х4
C:/Users/USER/Desktop/каталог_датасет_кузовов\класс3_Самосвал WAF_ 6х4\snapshot-202504141182505.jpg,класс3_Самосвал WAF_ 6х4
C:/Users/USER/Desktop/каталог_датасет_кузовов\класс3_Самосвал WAF_ 6х4\snapshot-202504141182549.jpg,класс3_Самосвал WAF_ 6х4
C:/Users/USER/Desktop/каталог_датасет_кузовов\класс3_Самосвал WAF_ 6х4\snapshot-202504141184319.jpg,класс3_Самосвал WAF_ 6х4
C:/Users/USER/Desktop/каталог_датасет_кузовов\класс3_Самосвал WAF_ 6х4\ss_push_1741883418431661_2_1741883417620347_0.jpg,класс3_Самосвал WAF_ 6х4
C:/Users/USER/Desktop/каталог_датасет_кузовов\класс3_Самосвал WAF_ 6х4\ss_push_1742549000516159_2_1742548999162949_0.jpg,класс3_Самосвал WAF_ 6х4
C:/Users/USER/Desktop/каталог_датасет_кузовов\класс3_Самосвал WAF_ 6х4\ss_push_1742856919367890_2_1742856918555754_0.jpg,класс3_Самосвал WAF_ 6х4
C:/Users/USER/Desktop/каталог_датасет_кузовов\класс3_Самосвал WAF_ 6х4\ss_push_1742856951522624_2_1742856950814934_0.jpg,класс3_Самосвал WAF_ 6х4
C:/Users/USER/Desktop/каталог_датасет_кузовов\класс3_Самосвал WAF_ 6х4\ss_push_1742881302788207_2_1742881302363816_0.jpg,класс3_Самосвал WAF_ 6х4
C:/Users/USER/Desktop/каталог_датасет_кузовов\класс3_Самосвал WAF_ 6х4\Технические характеристики_1.JPG,класс3_Самосвал WAF_ 6х4
C:/Users/USER/Desktop/каталог_датасет_кузовов\класс3_Самосвал WAF_ 6х4\Технические характеристики_2.JPG,класс3_Самосвал WAF_ 6х4
C:/Users/USER/Desktop/каталог_датасет_кузовов\класс4_самосвал_FAW 6x4\snapshot-202504141183438.jpg,класс4_самосвал_FAW 6x4
C:/Users/USER/Desktop/каталог_датасет_кузовов\класс4_самосвал_FAW 6x4\snapshot-202504141183531.jpg,класс4_самосвал_FAW 6x4
C:/Users/USER/Desktop/каталог_датасет_кузовов\класс4_самосвал_FAW 6x4\ss_push_1741880348727890_2_1741880347790368_0.jpg,класс4_самосвал_FAW 6x4
C:/Users/USER/Desktop/каталог_датасет_кузовов\класс4_самосвал_FAW 6x4\ss_push_1741880379879069_2_1741880378704776_0.jpg,класс4_самосвал_FAW 6x4
C:/Users/USER/Desktop/каталог_датасет_кузовов\класс4_самосвал_FAW 6x4\ss_push_174188040232739_2_1741880401421305_0.jpg,класс4_самосвал_FAW 6x4
C:/Users/USER/Desktop/каталог_датасет_кузовов\класс4_самосвал_FAW 6x4\Технические характеристики.JPG,класс4_самосвал_FAW 6x4
C:/Users/USER/Desktop/каталог_датасет_кузовов\класс5_самосвал_Самосвал_Shacman\snapshot-202504051235147.jpg,класс5_самосвал_Самосвал_Shacman
C:/Users/USER/Desktop/каталог_датасет_кузовов\класс5_самосвал_Самосвал_Shacman\snapshot-202504051235319.jpg,класс5_самосвал_Самосвал_Shacman
C:/Users/USER/Desktop/каталог_датасет_кузовов\класс5_самосвал_Самосвал_Shacman\snapshot-202504051235337.jpg,класс5_самосвал_Самосвал_Shacman
C:/Users/USER/Desktop/каталог_датасет_кузовов\класс5_самосвал_Самосвал_Shacman\snapshot-202504051235612.jpg,класс5_самосвал_Самосвал_Shacman
C:/Users/USER/Desktop/каталог_датасет_кузовов\класс5_самосвал_Самосвал_Shacman\snapshot-202504051235654.jpg,класс5_самосвал_Самосвал_Shacman
C:/Users/USER/Desktop/каталог_датасет_кузовов\класс5_самосвал_Самосвал_Shacman\snapshot-202504051235952.jpg,класс5_самосвал_Самосвал_Shacman
C:/Users/USER/Desktop/каталог_датасет_кузовов\класс5_самосвал_Самосвал_Shacman\snapshot-202504061000018.jpg,класс5_самосвал_Самосвал_Shacman
C:/Users/USER/Desktop/каталог_датасет_кузовов\класс5_самосвал_Самосвал_Shacman\snapshot-202504081160309.jpg,класс5_самосвал_Самосвал_Shacman
C:/Users/USER/Desktop/каталог_датасет_кузовов\класс5_самосвал_Самосвал_Shacman\snapshot-202504081160508.jpg,класс5_самосвал_Самосвал_Shacman
C:/Users/USER/Desktop/каталог_датасет_кузовов\класс5_самосвал_Самосвал_Shacman\snapshot-202504081160534.jpg,класс5_самосвал_Самосвал_Shacman
C:/Users/USER/Desktop/каталог_датасет_кузовов\класс5_самосвал_Самосвал_Shacman\snapshot-202504081160542.jpg,класс5_самосвал_Самосвал_Shacman
C:/Users/USER/Desktop/каталог_датасет_кузовов\класс5_самосвал_Самосвал_Shacman\snapshot-202504081161001.jpg,класс5_самосвал_Самосвал_Shacman
C:/Users/USER/Desktop/каталог_датасет_кузовов\класс5_самосвал_Самосвал_Shacman\snapshot-202504081161109.jpg,класс5_самосвал_Самосвал_Shacman
C:/Users/USER/Desktop/каталог_датасет_кузовов\класс5_самосвал_Самосвал_Shacman\snapshot-202504081161223.jpg,класс5_самосвал_Самосвал_Shacman
C:/Users/USER/Desktop/каталог_датасет_кузовов\класс5_самосвал_Самосвал_Shacman\snapshot-202504081161256.jpg,класс5_самосвал_Самосвал_Shacman
C:/Users/USER/Desktop/каталог_датасет_кузовов\класс5_самосвал_Самосвал_Shacman\snapshot-202504141181102.jpg,класс5_самосвал_Самосвал_Shacman
C:/Users/USER/Desktop/каталог_датасет_кузовов\класс5_самосвал_Самосвал_Shacman\snapshot-202504141183438.jpg,класс5_самосвал_Самосвал_Shacman
C:/Users/USER/Desktop/каталог_датасет_кузовов\класс5_самосвал_Самосвал_Shacman\snapshot-202504141183531.jpg,класс5_самосвал_Самосвал_Shacman
C:/Users/USER/Desktop/каталог_датасет_кузовов\класс5_самосвал_Самосвал_Shacman\snapshot-202504221233922.jpg,класс5_самосвал_Самосвал_Shacman
C:/Users/USER/Desktop/каталог_датасет_кузовов\класс5_самосвал_Самосвал_Shacman\ss_push_1741879508504517_2_1741879507935467_0.jpg,класс5_самосвал_Самосвал_Shacman
C:/Users/USER/Desktop/каталог_датасет_кузовов\класс5_самосвал_Самосвал_Shacman\ss_push_1741879542653263_2_1741879542270442_0.jpg,класс5_самосвал_Самосвал_Shacman
C:/Users/USER/Desktop/каталог_датасет_кузовов\класс5_самосвал_Самосвал_Shacman\ss_push_1741879589806576_2_1741879588369932_0.jpg,класс5_самосвал_Самосвал_Shacman
C:/Users/USER/Desktop/каталог_датасет_кузовов\класс5_самосвал_Самосвал_Shacman\ss_push_1741880096117591_2_1741880094722357_0.jpg,класс5_самосвал_Самосвал_Shacman
C:/Users/USER/Desktop/каталог_датасет_кузовов\класс5_самосвал_Самосвал_Shacman\ss_push_1741880129269324_2_1741880128105244_0.jpg,класс5_самосвал_Самосвал_Shacman
C:/Users/USER/Desktop/каталог_датасет_кузовов\класс5_самосвал_Самосвал_Shacman\ss_push_174239562629854_2_1742395625074021_0.jpg,класс5_самосвал_Самосвал_Shacman
C:/Users/USER/Desktop/каталог_датасет_кузовов\класс5_самосвал_Самосвал_Shacman\ss_push_1742395866522630_2_1742395865498220_0.jpg,класс5_самосвал_Самосвал_Shacman
C:/Users/USER/Desktop/каталог_датасет_кузовов\класс5_самосвал_Самосвал_Shacman\ss_push_1742459083558756_2_1742459082694299_0.jpg,класс5_самосвал_Самосвал_Shacman
C:/Users/USER/Desktop/каталог_датасет_кузовов\класс5_самосвал_Самосвал_Shacman\ss_push_1742473368544028_2_1742473367507931_0.jpg,класс5_самосвал_Самосвал_Shacman
C:/Users/USER/Desktop/каталог_датасет_кузовов\класс5_самосвал_Самосвал_Shacman\ss_push_1742473543721772_2_1742473542511424_0.jpg,класс5_самосвал_Самосвал_Shacman
C:/Users/USER/Desktop/каталог_датасет_кузовов\класс5_самосвал_Самосвал_Shacman\ss_push_1742490822558340_2_1742490822125797_0.jpg,класс5_самосвал_Самосвал_Shacman
C:/Users/USER/Desktop/каталог_датасет_кузовов\класс5_самосвал_Самосвал_Shacman\ss_push_1742541930551905_2_1742541929900981_0.jpg,класс5_самосвал_Самосвал_Shacman
C:/Users/USER/Desktop/каталог_датасет_кузовов\класс5_самосвал_Самосвал_Shacman\ss_push_1742549000516159_2_1742548999162949_0.jpg,класс5_самосвал_Самосвал_Shacman
C:/Users/USER/Desktop/каталог_датасет_кузовов\класс5_самосвал_Самосвал_Shacman\ss_push_1742835241963040_2_1742835240794771_0.jpg,класс5_самосвал_Самосвал_Shacman
C:/Users/USER/Desktop/каталог_датасет_кузовов\класс5_самосвал_Самосвал_Shacman\ss_push_1742835283119073_2_1742835282023955_0.jpg,класс5_самосвал_Самосвал_Shacman
C:/Users/USER/Desktop/каталог_датасет_кузовов\класс5_самосвал_Самосвал_Shacman\ss_push_1742835404282183_2_1742835403401930_0.jpg,класс5_самосвал_Самосвал_Shacman
C:/Users/USER/Desktop/каталог_датасет_кузовов\класс6_самосвал sinotruk_6x4\snapshot-202504221234123.jpg,класс6_самосвал sinotruk_6x4
C:/Users/USER/Desktop/каталог_датасет_кузовов\класс6_самосвал sinotruk_6x4\snapshot-202504221234217.jpg,класс6_самосвал sinotruk_6x4
C:/Users/USER/Desktop/каталог_датасет_кузовов\класс6_самосвал sinotruk_6x4\ss_push_1742445151907349_2_1742445151404272_0.jpg,класс6_самосвал sinotruk_6x4
C:/Users/USER/Desktop/каталог_датасет_кузовов\класс6_самосвал sinotruk_6x4\ss_push_1742445347438883_2_1742445346070252_0.jpg,класс6_самосвал sinotruk_6x4
C:/Users/USER/Desktop/каталог_датасет_кузовов\класс6_самосвал sinotruk_6x4\ss_push_1742487986387099_2_1742487985915272_0.jpg,класс6_самосвал sinotruk_6x4
C:/Users/USER/Desktop/каталог_датасет_кузовов\класс6_самосвал sinotruk_6x4\ss_push_1742488470233602_2_1742488469440861_0.jpg,класс6_самосвал sinotruk_6x4
C:/Users/USER/Desktop/каталог_датасет_кузовов\класс6_самосвал sinotruk_6x4\ss_push_1742564357877801_2_1742564357006618_0.jpg,класс6_самосвал sinotruk_6x4
C:/Users/USER/Desktop/каталог_датасет_кузовов\класс6_самосвал sinotruk_6x4\ss_push_174256442452407_2_1742564423405617_0.jpg,класс6_самосвал sinotruk_6x4
C:/Users/USER/Desktop/каталог_датасет_кузовов\класс6_самосвал sinotruk_6x4\ss_push_1742587850174127_2_1742587849865990_0.jpg,класс6_самосвал sinotruk_6x4
C:/Users/USER/Desktop/каталог_датасет_кузовов\класс7_самосвала_ SCANIA\ss_push_1742708395725805_2_1742708395177423_0.jpg,класс7_самосвала_ SCANIA
C:/Users/USER/Desktop/каталог_датасет_кузовов\класс7_самосвала_ SCANIA\ss_push_174270875141859_2_1742708749740985_0.jpg,класс7_самосвала_ SCANIA
C:/Users/USER/Desktop/каталог_датасет_кузовов\класс8_МАЗ\ss_push_1742206568695852_2_1742206568349450_0.jpg,класс8_МАЗ
C:/Users/USER/Desktop/каталог_датасет_кузовов\класс8_МАЗ\ss_push_1742217350508203_2_1742217349671534_0.jpg,класс8_МАЗ
C:/Users/USER/Desktop/каталог_датасет_кузовов\класс8_МАЗ\ss_push_1742279514992840_2_1742279514479532_0.jpg,класс8_МАЗ
C:/Users/USER/Desktop/каталог_датасет_кузовов\класс8_МАЗ\ss_push_1742280011352152_2_1742280010365780_0.jpg,класс8_МАЗ
C:/Users/USER/Desktop/каталог_датасет_кузовов\класс8_МАЗ\ss_push_1742285913197902_2_1742285912189819_0.jpg,класс8_МАЗ
C:/Users/USER/Desktop/каталог_датасет_кузовов\класс8_МАЗ\ss_push_1742291273975419_2_1742291273556811_0.jpg,класс8_МАЗ
C:/Users/USER/Desktop/каталог_датасет_кузовов\класс8_МАЗ\ss_push_1742856919367890_2_1742856918555754_0.jpg,класс8_МАЗ
C:/Users/USER/Desktop/каталог_датасет_кузовов\класс8_МАЗ\ss_push_1742856951522624_2_1742856950814934_0.jpg,класс8_МАЗ
C:/Users/USER/Desktop/каталог_датасет_кузовов\класс8_МАЗ\Технические характеристики.JPG,класс8_МАЗ
